neighbourhood_cleansed,walk.score,transit.score,bike.score,pop
Alameda,60,48,74,"5,206"
Arbor Lodge,72,54,95,"6,131"
Ardenwald-Johnson Creek,NA,NA,NA,NA
Argay,45,36,45,"5,994"
Arlington Heights,27,53,35,784
Arnold Creek,16,23,17,"2,850"
Ashcreek,35,34,37,"5,705"
Beaumont-Wilshire,75,46,89,"5,210"
Boise,88,54,91,"3,309"
Brentwood-Darlington,55,43,71,"13,024"
Bridgeton,29,37,49,627
Bridlemile,38,32,39,"4,809"
Brooklyn Action Corps,78,60,85,"3,488"
Buckman,88,61,99,"8,472"
Cathedral Park,76,47,73,"3,289"
Centennial,49,43,55,"22,553"
Collins View,20,29,46,"2,920"
Concordia,74,50,85,"9,561"
Creston-Kenilworth,75,53,86,"8,220"
Crestwood,49,43,46,"1,092"
Cully,55,44,76,"13,237"
East Columbia,21,32,45,"1,858"
Eastmoreland,50,48,72,"4,031"
Eliot,83,64,96,"3,542"
Far Southwest,39,41,31,"1,318"
Forest Park,NA,NA,NA,NA
Foster-Powell,79,52,82,"7,335"
Glenfair,49,53,62,"3,483"
Goose Hollow,92,81,80,"5,825"
Grant Park,81,61,94,"4,163"
Hayden Island,NA,NA,NA,NA
Hayhurst,43,36,45,"5,370"
Hazelwood,58,54,67,"23,446"
Hillsdale,52,45,59,"7,687"
Hillside,45,53,49,"2,198"
Hollywood,91,69,98,"1,274"
Homestead,44,62,51,"1,837"
Hosford-Abernethy,89,60,98,"7,314"
Humboldt,83,55,91,"5,110"
Irvington,83,63,93,"6,752"
Kenton,68,51,89,"7,264"
Kerns,87,64,96,"5,336"
King,85,51,86,"6,102"
Laurelhurst,79,66,96,"4,657"
Lents,49,52,73,"20,384"
Linnton,6,18,16,935
Lloyd District,86,82,99,"1,141"
Madison South,54,59,68,"7,106"
Maplewood,29,26,41,"2,529"
Markham,38,39,42,"2,415"
Marshall Park,20,30,27,"1,511"
Maywood Park,NA,NA,NA,NA
Mill Park,68,48,67,"8,555"
Montavilla,70,61,81,"16,143"
Mt. Scott-Arleta,75,49,78,"7,399"
Mt. Tabor,64,52,79,"10,189"
Multnomah,63,42,60,"6,919"
North Tabor,73,67,89,"5,252"
Northwest District,92,66,89,"12,700"
Northwest Heights,15,7,10,"5,495"
Northwest Industrial,NA,NA,NA,NA
Old Town/Chinatown,95,92,98,"3,873"
Overlook,69,54,91,"6,109"
Parkrose,54,43,60,"6,377"
Parkrose Heights,52,43,63,"6,055"
Pearl,96,86,97,"5,989"
Piedmont,67,56,89,"7,047"
Pleasant Valley,19,21,22,"10,299"
Portland Downtown,95,92,92,"12,803"
Portsmouth,51,44,82,"9,799"
Powellhurst-Gilbert,50,46,63,"27,441"
Reed,62,49,81,"4,365"
Richmond,85,52,98,"11,634"
Rose City Park,72,56,86,"8,951"
Roseway,74,46,69,"6,314"
Russell,33,36,55,"3,167"
Sabin,80,50,78,"4,150"
Sellwood-Moreland,77,46,83,"11,597"
South Burlingame,52,42,64,"1,634"
South Portland,55,62,76,"6,726"
South Tabor,65,51,93,"5,997"
Southwest Hills,31,51,39,"7,538"
St. Johns,59,44,76,"12,263"
Sullivan's Gulch,85,68,98,"3,136"
Sumner,63,55,76,"2,133"
Sunderland,16,33,52,703
Sunnyside,91,52,98,"7,350"
Sylvan-Highlands,17,42,23,"1,290"
University Park,43,43,70,"5,996"
Vernon,85,50,80,"2,630"
West Portland Park,59,42,49,"3,923"
Wilkes,29,35,46,"8,768"
Woodland Park,NA,NA,NA,NA
Woodlawn,69,52,80,"4,938"
Woodstock,67,47,78,"8,407"